month,NG_production(e3m3/d)
1,199.481445741736000000
2,220.179476906765000000
3,198.975008475498000000
4,199.277688073048000000
5,199.023394201572000000
6,198.671038591919000000
7,198.871785593207000000
8,198.365348326969000000
9,258.955997469382000000
10,261.618395165631000000
11,245.923033341832000000
12,239.067421100197000000